Name,Email,Financial Status,Paid at,Fulfillment Status,Fulfilled at,Accepts Marketing,Currency,Subtotal,Shipping,Taxes,Total,Discount Code,Discount Amount,Shipping Method,Created at,Lineitem quantity,Lineitem name,Lineitem price,Lineitem compare at price,Lineitem sku,Lineitem requires shipping,Lineitem taxable,Lineitem fulfillment status,Billing Name,Billing Street,Billing Address1,Billing Address2,Billing Company,Billing City,Billing Zip,Billing Province,Billing Country,Billing Phone,Shipping Name,Shipping Street,Shipping Address1,Shipping Address2,Shipping Company,Shipping City,Shipping Zip,Shipping Province,Shipping Country,Shipping Phone,Notes,Note Attributes,Cancelled at,Payment Method,Payment Reference,Refunded Amount,Vendor,Id,Tags,Risk Level,Source,Lineitem discount,Tax 1 Name,Tax 1 Value,Tax 2 Name,Tax 2 Value,Tax 3 Name,Tax 3 Value,Tax 4 Name,Tax 4 Value,Tax 5 Name,Tax 5 Value,Phone,Receipt Number
#4057,yixiang-thum@live.com,paid,2020-07-14 19:36:52 +0800,unfulfilled,,no,USD,35.00,0.00,0.00,35.00,"",0.00,FREE WorldWide Registered Shipping via Singpost Airmail,2020-07-14 19:36:51 +0800,1,V2 Grey Stitch Sailcloth Patterned Strap - 20,35.00,,v2_grey20,true,true,pending,YI XIANG THUM,"BLOCK 641 ROWELL ROAD #10-46, SINGAPORE 200641","BLOCK 641 ROWELL ROAD #10-46, SINGAPORE 200641","",,SINGAPORE,'200641,,SG,98899819,YI XIANG THUM,"BLOCK 641 ROWELL ROAD #10-46, SINGAPORE 200641","BLOCK 641 ROWELL ROAD #10-46, SINGAPORE 200641","",,SINGAPORE,'200641,,SG,98899819,,"",,Stripe,c13032468938841.1,0.00,iWantAStrap,2261789409369,"",Low,web,0.00,,,,,,,,,,,+6598899819,
#4056,chuck.brant@gmail.com,paid,2020-07-12 06:38:37 +0800,unfulfilled,,no,USD,35.00,0.00,0.00,35.00,"",0.00,FREE WorldWide Registered Shipping via Singpost Airmail,2020-07-12 06:38:36 +0800,1,V2 Blue Stitch Sailcloth Patterned Strap - 20,35.00,,v2_blue20,true,false,pending,Chuck Brant,5215 Old Chapel Hill Road,5215 Old Chapel Hill Road,"",,Durham,'27707,NC,US,(919) 649-1769,Chuck Brant,5215 Old Chapel Hill Road,5215 Old Chapel Hill Road,"",,Durham,'27707,NC,US,(919) 649-1769,,"",,PayPal Express Checkout,c13022257905753.1,0.00,iWantAStrap,2257658740825,"",Low,web,0.00,,,,,,,,,,,,
#4055,carsten@photohelp.dk,paid,2020-07-11 00:15:12 +0800,unfulfilled,,no,USD,44.90,0.00,0.00,44.90,"",5.10,FREE WorldWide Registered Shipping via Singpost Airmail,2020-07-11 00:15:11 +0800,1,iWantAStrap SS Button Deployant Clasp - 18mm,15.00,0.00,BDC18,true,true,pending,Carsten Madsen,Banemarksvej 13,Banemarksvej 13,"","",Copenhagen,'2605,,DK,,Carsten Madsen,Banemarksvej 13,Banemarksvej 13,"","",Copenhagen,'2605,,DK,,,"",,PayPal Express Checkout,c13017216614489.1,0.00,iWantAStrap,2255235842137,"",Low,580111,5.10,,,,,,,,,,,,
#4055,carsten@photohelp.dk,,,,,,,,,,,,,,2020-07-11 00:15:11 +0800,1,V2 Off-White Stitch Sailcloth Patterned Strap - 20,35.00,0.00,v2_white20,true,false,pending,,,,,,,,,,,,,,,,,,,,,,,,,,,iWantAStrap,,,,,0.00,,,,,,,,,,,,
#4054,alexhuen@att.net,paid,2020-07-09 22:51:26 +0800,unfulfilled,,no,USD,35.00,0.00,0.00,35.00,"",0.00,FREE WorldWide Registered Shipping via Singpost Airmail,2020-07-09 22:51:24 +0800,1,V2 Blue Stitch Sailcloth Patterned Strap - 20,35.00,,v2_blue20,true,false,pending,Alex Huen,"918 W. Sunnyside Ave.,, Unit G","918 W. Sunnyside Ave.,",Unit G,"",Chicago,'60640,IL,US,,Alex Huen,"918 W. Sunnyside Ave.,, Unit G","918 W. Sunnyside Ave.,",Unit G,"",Chicago,'60640,IL,US,,,"",,PayPal Express Checkout,c13011297304665.1,0.00,iWantAStrap,2253236076633,"",Low,580111,0.00,,,,,,,,,,,,
#4053,rated.mehdi@gmail.com,paid,2020-07-09 13:50:38 +0800,unfulfilled,,no,USD,35.00,0.00,0.00,35.00,"",0.00,FREE WorldWide Registered Shipping via Singpost Airmail,2020-07-09 13:50:37 +0800,1,V2 Off-White Stitch Sailcloth Patterned Strap - 22,35.00,0.00,v2_white22,true,false,pending,Mehdi Shah,"1085 Tasman Drive, Space 256",1085 Tasman Drive,Space 256,,Sunnyvale,'94089,CA,US,4159108405,Mehdi Shah,"867 West 1st Street, Apartment 1",867 West 1st Street,Apartment 1,,San Pedro,'90731,CA,US,4159108405,,"",,Stripe,c13009455546457.1,0.00,iWantAStrap,2252721061977,"",Low,web,0.00,,,,,,,,,,,,
#4052,jean.s.richer@gmail.com,paid,2020-07-08 21:10:06 +0800,unfulfilled,,no,USD,35.00,0.00,0.00,35.00,"",0.00,FREE WorldWide Registered Shipping via Singpost Airmail,2020-07-08 21:10:05 +0800,1,V2 Black Stitch Sailcloth Patterned Strap - 22,35.00,0.00,v2_black22,true,false,pending,Jean-Sebastien Richer,690 65e Av,690 65e Av,"",,Saint-Zotique,J0P 1Z0,QC,CA,(450) 288-5522,Jean-Sebastien Richer,690 65e Av,690 65e Av,"",,Saint-Zotique,J0P 1Z0,QC,CA,(450) 288-5522,,"",,Stripe,c13005326024793.1,0.00,iWantAStrap,2251203838041,"",Low,web,0.00,,,,,,,,,,,,
#4051,ken92993@gmail.com,paid,2020-07-07 07:51:39 +0800,unfulfilled,,no,USD,35.00,0.00,0.00,35.00,"",0.00,FREE WorldWide Registered Shipping via Singpost Airmail,2020-07-07 07:51:38 +0800,1,V2 Blue Stitch Sailcloth Patterned Strap - 20,35.00,,v2_blue20,true,false,pending,Kenneth Lee,"2 Bay Club Dr., Apt #16k",2 Bay Club Dr.,Apt #16k,,Bayside,'11360,NY,US,3475514311,Kenneth Lee,"500 2nd Avenue, Apt 19B",500 2nd Avenue,Apt 19B,,New York,'10016,NY,US,3475514311,,"",,Stripe,c12998301974617.1,0.00,iWantAStrap,2248540258393,"",Low,web,0.00,,,,,,,,,,,,
#4050,kao0820ko1031@ybb.ne.jp,paid,2020-07-01 22:40:34 +0800,unfulfilled,,no,USD,35.00,0.00,0.00,35.00,"",0.00,FREE WorldWide Registered Shipping via Singpost Airmail,2020-07-01 22:40:34 +0800,1,V2 Orange Stitch Sailcloth Patterned Strap - 20,35.00,0.00,v2_orange20,true,false,pending,Kobayashi Naoto,Shimonanba 445-5,Shimonanba 445-5,"",,Matsuyama,799-2407,JP-38,JP,"",Kobayashi Naoto,Shimonanba 445-5,Shimonanba 445-5,"",,Matsuyama,799-2407,JP-38,JP,"",,"",,PayPal Express Checkout,c12959104106585.1,0.00,iWantAStrap,2236523118681,"",Low,web,0.00,,,,,,,,,,,+819086980084,
#4042,betageek@yahoo.com,paid,2020-07-01 20:46:40 +0800,unfulfilled,,no,USD,35.00,0.00,0.00,35.00,"",0.00,FREE WorldWide Registered Shipping via Singpost Airmail,2020-06-26 01:55:29 +0800,1,V2 Black Stitch Sailcloth Patterned Strap - 22,35.00,0.00,v2_black22,true,false,pending,Alex Tomlinson,411 Walnut St. #11892,411 Walnut St. #11892,"",,Green Cove Springs,'32043,FL,US,"",Alex Tomlinson,8020 NW 66TH ST BP-009670,8020 NW 66TH ST BP-009670,"",,Miami,33166-2728,FL,US,"",,"",,PayPal Express Checkout,c12936293515353.2,0.00,iWantAStrap,2225805197401,"",Low,web,0.00,,,,,,,,,,,,
